station_name,train_length,test_length,split_time,forecast_method,mape
35thAveSW_SWMyrtleSt,24,4,1,pred_auto.arima,0.0428511465661705
35thAveSW_SWMyrtleSt,24,4,1,pred_forecastHybrid,0.114197506965898
35thAveSW_SWMyrtleSt,24,4,1,pred_prophet,0.0739766484699563
35thAveSW_SWMyrtleSt,24,24,1,pred_auto.arima,0.00375214906731863
35thAveSW_SWMyrtleSt,24,24,1,pred_forecastHybrid,0.0597129311828756
35thAveSW_SWMyrtleSt,24,24,1,pred_prophet,0.165315411107188
35thAveSW_SWMyrtleSt,24,168,1,pred_auto.arima,0.308810158422686
35thAveSW_SWMyrtleSt,24,168,1,pred_forecastHybrid,0.186913809835269
35thAveSW_SWMyrtleSt,24,168,1,pred_prophet,0.730289206856224
35thAveSW_SWMyrtleSt,24,672,1,pred_auto.arima,0.137683819803195
35thAveSW_SWMyrtleSt,24,672,1,pred_forecastHybrid,0.585258209660227
35thAveSW_SWMyrtleSt,24,672,1,pred_prophet,1.96307910682566
35thAveSW_SWMyrtleSt,168,4,1,pred_auto.arima,0.0777090212536651
35thAveSW_SWMyrtleSt,168,4,1,pred_forecastHybrid,0.00652130329749856
35thAveSW_SWMyrtleSt,168,4,1,pred_prophet,0.00241910007938078
35thAveSW_SWMyrtleSt,168,24,1,pred_auto.arima,0.0429033618154133
35thAveSW_SWMyrtleSt,168,24,1,pred_forecastHybrid,0.803123019896462
35thAveSW_SWMyrtleSt,168,24,1,pred_prophet,0.0631414156747679
35thAveSW_SWMyrtleSt,168,168,1,pred_auto.arima,0.131654640399345
35thAveSW_SWMyrtleSt,168,168,1,pred_forecastHybrid,0.130716644012633
35thAveSW_SWMyrtleSt,168,168,1,pred_prophet,0.325224833005597
35thAveSW_SWMyrtleSt,168,672,1,pred_auto.arima,0.0614900842940904
35thAveSW_SWMyrtleSt,168,672,1,pred_forecastHybrid,0.0774987804847464
35thAveSW_SWMyrtleSt,168,672,1,pred_prophet,0.203973908911899
35thAveSW_SWMyrtleSt,672,4,1,pred_auto.arima,0.0256822607816548
35thAveSW_SWMyrtleSt,672,4,1,pred_forecastHybrid,0.0416498176644066
35thAveSW_SWMyrtleSt,672,4,1,pred_prophet,0.00647978180062032
35thAveSW_SWMyrtleSt,672,24,1,pred_auto.arima,0.152522598608325
35thAveSW_SWMyrtleSt,672,24,1,pred_forecastHybrid,0.0262108802392247
35thAveSW_SWMyrtleSt,672,24,1,pred_prophet,0.0122680841524576
35thAveSW_SWMyrtleSt,672,168,1,pred_auto.arima,0.104319765109928
35thAveSW_SWMyrtleSt,672,168,1,pred_forecastHybrid,0.11760800866355
35thAveSW_SWMyrtleSt,672,168,1,pred_prophet,0.107013041079613
35thAveSW_SWMyrtleSt,672,672,1,pred_auto.arima,0.461903324646257
35thAveSW_SWMyrtleSt,672,672,1,pred_forecastHybrid,0.258247527752751
35thAveSW_SWMyrtleSt,672,672,1,pred_prophet,0.409723644763486
35thAveSW_SWMyrtleSt,4032,4,1,pred_auto.arima,0.670081435798178
35thAveSW_SWMyrtleSt,4032,4,1,pred_forecastHybrid,0.00182215193865635
35thAveSW_SWMyrtleSt,4032,4,1,pred_prophet,0.112342303907928
35thAveSW_SWMyrtleSt,4032,24,1,pred_auto.arima,0.121483114268194
35thAveSW_SWMyrtleSt,4032,24,1,pred_forecastHybrid,0.0341133783912719
35thAveSW_SWMyrtleSt,4032,24,1,pred_prophet,0.00942343434696436
35thAveSW_SWMyrtleSt,4032,168,1,pred_auto.arima,0.33426772646082
35thAveSW_SWMyrtleSt,4032,168,1,pred_forecastHybrid,0.0350885428409352
35thAveSW_SWMyrtleSt,4032,168,1,pred_prophet,0.0329043892012391
35thAveSW_SWMyrtleSt,4032,672,1,pred_auto.arima,
35thAveSW_SWMyrtleSt,4032,672,1,pred_forecastHybrid,0.166090308890707
35thAveSW_SWMyrtleSt,4032,672,1,pred_prophet,0.337255834552823
AlaskanWayViaduct_KingSt,24,4,1,pred_auto.arima,0.00795441225194812
AlaskanWayViaduct_KingSt,24,4,1,pred_forecastHybrid,0.00234248648860344
AlaskanWayViaduct_KingSt,24,4,1,pred_prophet,0.0152114683018603
AlaskanWayViaduct_KingSt,24,24,1,pred_auto.arima,0.0319289945050833
AlaskanWayViaduct_KingSt,24,24,1,pred_forecastHybrid,0.0458025777971844
AlaskanWayViaduct_KingSt,24,24,1,pred_prophet,0.0989609010365142
AlaskanWayViaduct_KingSt,24,168,1,pred_auto.arima,0.118374022479003
AlaskanWayViaduct_KingSt,24,168,1,pred_forecastHybrid,0.960915020683701
AlaskanWayViaduct_KingSt,24,168,1,pred_prophet,0.71392376351808
AlaskanWayViaduct_KingSt,24,672,1,pred_auto.arima,0.0698691077800662
AlaskanWayViaduct_KingSt,24,672,1,pred_forecastHybrid,0.240204213372394
AlaskanWayViaduct_KingSt,24,672,1,pred_prophet,0.259136133309151
AlaskanWayViaduct_KingSt,168,4,1,pred_auto.arima,0.0202434436693875
AlaskanWayViaduct_KingSt,168,4,1,pred_forecastHybrid,0.00262536098461138
AlaskanWayViaduct_KingSt,168,4,1,pred_prophet,0.00961565811249641
AlaskanWayViaduct_KingSt,168,24,1,pred_auto.arima,0.00724065076409461
AlaskanWayViaduct_KingSt,168,24,1,pred_forecastHybrid,0.0166399601257611
AlaskanWayViaduct_KingSt,168,24,1,pred_prophet,0.0968185556499109
AlaskanWayViaduct_KingSt,168,168,1,pred_auto.arima,0.111222637664617
AlaskanWayViaduct_KingSt,168,168,1,pred_forecastHybrid,0.170927414547649
AlaskanWayViaduct_KingSt,168,168,1,pred_prophet,0.122283167249342
AlaskanWayViaduct_KingSt,168,672,1,pred_auto.arima,0.0859533277064199
AlaskanWayViaduct_KingSt,168,672,1,pred_forecastHybrid,0.0760634855844049
AlaskanWayViaduct_KingSt,168,672,1,pred_prophet,0.463269849047377
AlaskanWayViaduct_KingSt,672,4,1,pred_auto.arima,0.0375087026895416
AlaskanWayViaduct_KingSt,672,4,1,pred_forecastHybrid,0.0109742105556552
AlaskanWayViaduct_KingSt,672,4,1,pred_prophet,0.00864663509068107
AlaskanWayViaduct_KingSt,672,24,1,pred_auto.arima,0.136925106716697
AlaskanWayViaduct_KingSt,672,24,1,pred_forecastHybrid,0.0683050390559111
AlaskanWayViaduct_KingSt,672,24,1,pred_prophet,0.0421577386671154
AlaskanWayViaduct_KingSt,672,168,1,pred_auto.arima,
AlaskanWayViaduct_KingSt,672,168,1,pred_forecastHybrid,0.0751718404717127
AlaskanWayViaduct_KingSt,672,168,1,pred_prophet,0.203061083251687
AlaskanWayViaduct_KingSt,672,672,1,pred_auto.arima,
AlaskanWayViaduct_KingSt,672,672,1,pred_forecastHybrid,0.0480514472409216
AlaskanWayViaduct_KingSt,672,672,1,pred_prophet,0.408179919850487
AlaskanWayViaduct_KingSt,4032,4,1,pred_auto.arima,0.143471406279168
AlaskanWayViaduct_KingSt,4032,4,1,pred_forecastHybrid,0.00550170836789799
AlaskanWayViaduct_KingSt,4032,4,1,pred_prophet,0.00726816740120617
AlaskanWayViaduct_KingSt,4032,24,1,pred_auto.arima,0.183718006460891
AlaskanWayViaduct_KingSt,4032,24,1,pred_forecastHybrid,0.0387823525298157
AlaskanWayViaduct_KingSt,4032,24,1,pred_prophet,0.0746144118068307
AlaskanWayViaduct_KingSt,4032,168,1,pred_auto.arima,0.0643811063727755
AlaskanWayViaduct_KingSt,4032,168,1,pred_forecastHybrid,0.0772586039295403
AlaskanWayViaduct_KingSt,4032,168,1,pred_prophet,0.0629325323043492
AlaskanWayViaduct_KingSt,4032,672,1,pred_auto.arima,0.256877164618893
AlaskanWayViaduct_KingSt,4032,672,1,pred_forecastHybrid,0.0875770680305087
AlaskanWayViaduct_KingSt,4032,672,1,pred_prophet,0.0502436019667794
AlbroPlaceAirportWay,24,4,1,pred_auto.arima,0.154594508880612
AlbroPlaceAirportWay,24,4,1,pred_forecastHybrid,0.00970791512829735
AlbroPlaceAirportWay,24,4,1,pred_prophet,0.187082018934282
AlbroPlaceAirportWay,24,24,1,pred_auto.arima,0.0799477559788673
AlbroPlaceAirportWay,24,24,1,pred_forecastHybrid,0.138275131451411
AlbroPlaceAirportWay,24,24,1,pred_prophet,0.0721994283893089
AlbroPlaceAirportWay,24,168,1,pred_auto.arima,0.0645596641953887
AlbroPlaceAirportWay,24,168,1,pred_forecastHybrid,0.0722196506814327
AlbroPlaceAirportWay,24,168,1,pred_prophet,0.39409601157294
AlbroPlaceAirportWay,24,672,1,pred_auto.arima,0.0548450542851888
AlbroPlaceAirportWay,24,672,1,pred_forecastHybrid,0.0647336474702466
AlbroPlaceAirportWay,24,672,1,pred_prophet,9.0906565621332
AlbroPlaceAirportWay,168,4,1,pred_auto.arima,0.074751196012448
AlbroPlaceAirportWay,168,4,1,pred_forecastHybrid,0.0511318165993149
AlbroPlaceAirportWay,168,4,1,pred_prophet,0.016068498843216
AlbroPlaceAirportWay,168,24,1,pred_auto.arima,0.0668983127230181
AlbroPlaceAirportWay,168,24,1,pred_forecastHybrid,0.0851006803766013
AlbroPlaceAirportWay,168,24,1,pred_prophet,0.0464539849362968
AlbroPlaceAirportWay,168,168,1,pred_auto.arima,0.0942037073691932
AlbroPlaceAirportWay,168,168,1,pred_forecastHybrid,0.232903866912356
AlbroPlaceAirportWay,168,168,1,pred_prophet,0.234402487397115
AlbroPlaceAirportWay,168,672,1,pred_auto.arima,0.100637470504996
AlbroPlaceAirportWay,168,672,1,pred_forecastHybrid,0.921845098658048
AlbroPlaceAirportWay,168,672,1,pred_prophet,0.488613052851081
AlbroPlaceAirportWay,672,4,1,pred_auto.arima,0.165892303777351
AlbroPlaceAirportWay,672,4,1,pred_forecastHybrid,0.0251140357447243
AlbroPlaceAirportWay,672,4,1,pred_prophet,0.00387876289781363
AlbroPlaceAirportWay,672,24,1,pred_auto.arima,0.177483860434067
AlbroPlaceAirportWay,672,24,1,pred_forecastHybrid,0.0249031786950883
AlbroPlaceAirportWay,672,24,1,pred_prophet,0.0693582361564394
AlbroPlaceAirportWay,672,168,1,pred_auto.arima,
AlbroPlaceAirportWay,672,168,1,pred_forecastHybrid,0.0996009654714612
AlbroPlaceAirportWay,672,168,1,pred_prophet,0.0810569795668698
AlbroPlaceAirportWay,672,672,1,pred_auto.arima,
AlbroPlaceAirportWay,672,672,1,pred_forecastHybrid,0.0898566288870079
AlbroPlaceAirportWay,672,672,1,pred_prophet,0.56406493220419
AlbroPlaceAirportWay,4032,4,1,pred_auto.arima,0.697301434519726
AlbroPlaceAirportWay,4032,4,1,pred_forecastHybrid,0.0100254852849115
AlbroPlaceAirportWay,4032,4,1,pred_prophet,0.114669205101199
AlbroPlaceAirportWay,4032,24,1,pred_auto.arima,0.0765738621826961
AlbroPlaceAirportWay,4032,24,1,pred_forecastHybrid,0.0375007533180929
AlbroPlaceAirportWay,4032,24,1,pred_prophet,0.0455243312605724
AlbroPlaceAirportWay,4032,168,1,pred_auto.arima,
AlbroPlaceAirportWay,4032,168,1,pred_forecastHybrid,0.0469091446944618
AlbroPlaceAirportWay,4032,168,1,pred_prophet,0.0495810558138089
AlbroPlaceAirportWay,4032,672,1,pred_auto.arima,
AlbroPlaceAirportWay,4032,672,1,pred_forecastHybrid,0.178752353001489
AlbroPlaceAirportWay,4032,672,1,pred_prophet,0.182341065649036
AuroraBridge,24,4,1,pred_auto.arima,0.118116141879356
AuroraBridge,24,4,1,pred_forecastHybrid,0.00727753522356272
AuroraBridge,24,4,1,pred_prophet,0.0705444461803975
AuroraBridge,24,24,1,pred_auto.arima,0.0666160089776287
AuroraBridge,24,24,1,pred_forecastHybrid,0.377150418231553
AuroraBridge,24,24,1,pred_prophet,0.24671127414178
AuroraBridge,24,168,1,pred_auto.arima,0.0770882822011349
AuroraBridge,24,168,1,pred_forecastHybrid,0.0967843440312327
AuroraBridge,24,168,1,pred_prophet,0.967385206220477
AuroraBridge,24,672,1,pred_auto.arima,0.0573634555366026
AuroraBridge,24,672,1,pred_forecastHybrid,2.59463448361014
AuroraBridge,24,672,1,pred_prophet,0.357469759052432
AuroraBridge,168,4,1,pred_auto.arima,0.181997862445249
AuroraBridge,168,4,1,pred_forecastHybrid,0.0157851683561792
AuroraBridge,168,4,1,pred_prophet,0.0735354640710648
AuroraBridge,168,24,1,pred_auto.arima,0.0331555075904635
AuroraBridge,168,24,1,pred_forecastHybrid,0.0724355859036317
AuroraBridge,168,24,1,pred_prophet,0.093688530901706
AuroraBridge,168,168,1,pred_auto.arima,0.220812263738784
AuroraBridge,168,168,1,pred_forecastHybrid,0.26347898541891
AuroraBridge,168,168,1,pred_prophet,0.412442937834813
AuroraBridge,168,672,1,pred_auto.arima,0.0780324269984061
AuroraBridge,168,672,1,pred_forecastHybrid,0.0741363163722129
AuroraBridge,168,672,1,pred_prophet,0.730800930984208
AuroraBridge,672,4,1,pred_auto.arima,0.029022217169058
AuroraBridge,672,4,1,pred_forecastHybrid,0.0280336148844035
AuroraBridge,672,4,1,pred_prophet,0.0533098672756383
AuroraBridge,672,24,1,pred_auto.arima,0.112423202904585
AuroraBridge,672,24,1,pred_forecastHybrid,0.0549491489430624
AuroraBridge,672,24,1,pred_prophet,0.0458812923329274
AuroraBridge,672,168,1,pred_auto.arima,0.08215777850445
AuroraBridge,672,168,1,pred_forecastHybrid,0.128711432577313
AuroraBridge,672,168,1,pred_prophet,0.200826627338782
AuroraBridge,672,672,1,pred_auto.arima,
AuroraBridge,672,672,1,pred_forecastHybrid,0.0855411777150483
AuroraBridge,672,672,1,pred_prophet,0.313628635662839
AuroraBridge,4032,4,1,pred_auto.arima,0.425868131392074
AuroraBridge,4032,4,1,pred_forecastHybrid,0.0417501848877747
AuroraBridge,4032,4,1,pred_prophet,0.0371667684465455
AuroraBridge,4032,24,1,pred_auto.arima,0.290163025416609
AuroraBridge,4032,24,1,pred_forecastHybrid,0.088077512877645
AuroraBridge,4032,24,1,pred_prophet,0.0695296446608523
AuroraBridge,4032,168,1,pred_auto.arima,0.0843481544613076
AuroraBridge,4032,168,1,pred_forecastHybrid,0.156178165142107
AuroraBridge,4032,168,1,pred_prophet,0.0773320066140237
AuroraBridge,4032,672,1,pred_auto.arima,
AuroraBridge,4032,672,1,pred_forecastHybrid,0.0613015611944088
AuroraBridge,4032,672,1,pred_prophet,0.0524787758628824
HarborAveUpperNorthBridge,24,4,1,pred_auto.arima,0.0916504870724382
HarborAveUpperNorthBridge,24,4,1,pred_forecastHybrid,0.0167054737436771
HarborAveUpperNorthBridge,24,4,1,pred_prophet,0.190864810258805
HarborAveUpperNorthBridge,24,24,1,pred_auto.arima,0.0225643417790324
HarborAveUpperNorthBridge,24,24,1,pred_forecastHybrid,0.102395922194814
HarborAveUpperNorthBridge,24,24,1,pred_prophet,0.250014827266328
HarborAveUpperNorthBridge,24,168,1,pred_auto.arima,0.112458548523878
HarborAveUpperNorthBridge,24,168,1,pred_forecastHybrid,0.319172188271305
HarborAveUpperNorthBridge,24,168,1,pred_prophet,0.185091335763351
HarborAveUpperNorthBridge,24,672,1,pred_auto.arima,0.140818422956603
HarborAveUpperNorthBridge,24,672,1,pred_forecastHybrid,0.159036968015609
HarborAveUpperNorthBridge,24,672,1,pred_prophet,0.738141981360986
HarborAveUpperNorthBridge,168,4,1,pred_auto.arima,0.188402914463521
HarborAveUpperNorthBridge,168,4,1,pred_forecastHybrid,0.0374736292501431
HarborAveUpperNorthBridge,168,4,1,pred_prophet,0.0127418916015948
HarborAveUpperNorthBridge,168,24,1,pred_auto.arima,0.0611426919554937
HarborAveUpperNorthBridge,168,24,1,pred_forecastHybrid,0.0699108041873718
HarborAveUpperNorthBridge,168,24,1,pred_prophet,0.0235407182192774
HarborAveUpperNorthBridge,168,168,1,pred_auto.arima,
HarborAveUpperNorthBridge,168,168,1,pred_forecastHybrid,0.0711896682298007
HarborAveUpperNorthBridge,168,168,1,pred_prophet,0.164237553931174
HarborAveUpperNorthBridge,168,672,1,pred_auto.arima,0.0609347949322682
HarborAveUpperNorthBridge,168,672,1,pred_forecastHybrid,0.0685807638703848
HarborAveUpperNorthBridge,168,672,1,pred_prophet,0.24896029998708
HarborAveUpperNorthBridge,672,4,1,pred_auto.arima,0.180707607421244
HarborAveUpperNorthBridge,672,4,1,pred_forecastHybrid,0.00684548473782303
HarborAveUpperNorthBridge,672,4,1,pred_prophet,0.00488020187110516
HarborAveUpperNorthBridge,672,24,1,pred_auto.arima,0.12725509732337
HarborAveUpperNorthBridge,672,24,1,pred_forecastHybrid,0.071046672245634
HarborAveUpperNorthBridge,672,24,1,pred_prophet,0.0442877429230447
HarborAveUpperNorthBridge,672,168,1,pred_auto.arima,0.16080878472987
HarborAveUpperNorthBridge,672,168,1,pred_forecastHybrid,0.116044440558705
HarborAveUpperNorthBridge,672,168,1,pred_prophet,0.173842387780748
HarborAveUpperNorthBridge,672,672,1,pred_auto.arima,0.125381455135926
HarborAveUpperNorthBridge,672,672,1,pred_forecastHybrid,0.0892623446761814
HarborAveUpperNorthBridge,672,672,1,pred_prophet,0.059346235167359
HarborAveUpperNorthBridge,4032,4,1,pred_auto.arima,0.262465728161671
HarborAveUpperNorthBridge,4032,4,1,pred_forecastHybrid,0.0213991599307405
HarborAveUpperNorthBridge,4032,4,1,pred_prophet,0.118193947880109
HarborAveUpperNorthBridge,4032,24,1,pred_auto.arima,0.0978113657108745
HarborAveUpperNorthBridge,4032,24,1,pred_forecastHybrid,0.149827844919631
HarborAveUpperNorthBridge,4032,24,1,pred_prophet,0.0772736832882285
HarborAveUpperNorthBridge,4032,168,1,pred_auto.arima,0.343680884535282
HarborAveUpperNorthBridge,4032,168,1,pred_forecastHybrid,0.103480099780617
HarborAveUpperNorthBridge,4032,168,1,pred_prophet,0.076141424620463
HarborAveUpperNorthBridge,4032,672,1,pred_auto.arima,0.148406029211753
HarborAveUpperNorthBridge,4032,672,1,pred_forecastHybrid,0.13368418204724
HarborAveUpperNorthBridge,4032,672,1,pred_prophet,0.0941669673368596
JoseRizalBridgeNorth,24,4,1,pred_auto.arima,0.0613229717690694
JoseRizalBridgeNorth,24,4,1,pred_forecastHybrid,0.0340922196955681
JoseRizalBridgeNorth,24,4,1,pred_prophet,0.269350873906329
JoseRizalBridgeNorth,24,24,1,pred_auto.arima,0.0913315375746423
JoseRizalBridgeNorth,24,24,1,pred_forecastHybrid,0.0703189062915111
JoseRizalBridgeNorth,24,24,1,pred_prophet,0.158266999245447
JoseRizalBridgeNorth,24,168,1,pred_auto.arima,0.0598725746237849
JoseRizalBridgeNorth,24,168,1,pred_forecastHybrid,2.23923738341071
JoseRizalBridgeNorth,24,168,1,pred_prophet,1.63257772481
JoseRizalBridgeNorth,24,672,1,pred_auto.arima,0.137823050919235
JoseRizalBridgeNorth,24,672,1,pred_forecastHybrid,0.346774890917647
JoseRizalBridgeNorth,24,672,1,pred_prophet,2.50501772071269
JoseRizalBridgeNorth,168,4,1,pred_auto.arima,0.0977958774470185
JoseRizalBridgeNorth,168,4,1,pred_forecastHybrid,0.0157063554841641
JoseRizalBridgeNorth,168,4,1,pred_prophet,0.0666806905565276
JoseRizalBridgeNorth,168,24,1,pred_auto.arima,0.0502467348664269
JoseRizalBridgeNorth,168,24,1,pred_forecastHybrid,0.247936968023918
JoseRizalBridgeNorth,168,24,1,pred_prophet,0.0546706354688818
JoseRizalBridgeNorth,168,168,1,pred_auto.arima,0.0803972430233221
JoseRizalBridgeNorth,168,168,1,pred_forecastHybrid,0.0736759968791098
JoseRizalBridgeNorth,168,168,1,pred_prophet,0.448823302896165
JoseRizalBridgeNorth,168,672,1,pred_auto.arima,0.111871239905158
JoseRizalBridgeNorth,168,672,1,pred_forecastHybrid,0.403286566365476
JoseRizalBridgeNorth,168,672,1,pred_prophet,1.04169969832728
JoseRizalBridgeNorth,672,4,1,pred_auto.arima,0.0521989190892
JoseRizalBridgeNorth,672,4,1,pred_forecastHybrid,0.0515402527402075
JoseRizalBridgeNorth,672,4,1,pred_prophet,0.0182370829468246
JoseRizalBridgeNorth,672,24,1,pred_auto.arima,0.148721688070259
JoseRizalBridgeNorth,672,24,1,pred_forecastHybrid,0.0858338706228661
JoseRizalBridgeNorth,672,24,1,pred_prophet,0.0854616918524952
JoseRizalBridgeNorth,672,168,1,pred_auto.arima,0.15644101109718
JoseRizalBridgeNorth,672,168,1,pred_forecastHybrid,0.106807243146154
JoseRizalBridgeNorth,672,168,1,pred_prophet,0.323086976511502
JoseRizalBridgeNorth,672,672,1,pred_auto.arima,
JoseRizalBridgeNorth,672,672,1,pred_forecastHybrid,0.0841834289508505
JoseRizalBridgeNorth,672,672,1,pred_prophet,0.14549083032462
JoseRizalBridgeNorth,4032,4,1,pred_auto.arima,1.04636813258872
JoseRizalBridgeNorth,4032,4,1,pred_forecastHybrid,0.0143153044794268
JoseRizalBridgeNorth,4032,4,1,pred_prophet,0.0630823269512503
JoseRizalBridgeNorth,4032,24,1,pred_auto.arima,0.132048027892247
JoseRizalBridgeNorth,4032,24,1,pred_forecastHybrid,0.199223521285061
JoseRizalBridgeNorth,4032,24,1,pred_prophet,0.0246827350016203
JoseRizalBridgeNorth,4032,168,1,pred_auto.arima,0.308542538983469
JoseRizalBridgeNorth,4032,168,1,pred_forecastHybrid,0.12383398607058
JoseRizalBridgeNorth,4032,168,1,pred_prophet,0.0874905721155449
JoseRizalBridgeNorth,4032,672,1,pred_auto.arima,0.134818717557543
JoseRizalBridgeNorth,4032,672,1,pred_forecastHybrid,0.0713056193376056
JoseRizalBridgeNorth,4032,672,1,pred_prophet,0.0624225531810863
MagnoliaBridge,24,4,1,pred_auto.arima,0.0317963460685933
MagnoliaBridge,24,4,1,pred_forecastHybrid,0.0293805951963181
MagnoliaBridge,24,4,1,pred_prophet,0.0940758188617442
MagnoliaBridge,24,24,1,pred_auto.arima,0.0576031624548402
MagnoliaBridge,24,24,1,pred_forecastHybrid,0.0189302230703802
MagnoliaBridge,24,24,1,pred_prophet,0.0113204542929399
MagnoliaBridge,24,168,1,pred_auto.arima,0.08338661029384
MagnoliaBridge,24,168,1,pred_forecastHybrid,0.838903334680771
MagnoliaBridge,24,168,1,pred_prophet,1.81664515705608
MagnoliaBridge,24,672,1,pred_auto.arima,0.177618152222188
MagnoliaBridge,24,672,1,pred_forecastHybrid,3.99361522183392
MagnoliaBridge,24,672,1,pred_prophet,3.00123261538431
MagnoliaBridge,168,4,1,pred_auto.arima,0.0228637329414614
MagnoliaBridge,168,4,1,pred_forecastHybrid,0.0255876789798092
MagnoliaBridge,168,4,1,pred_prophet,0.0272007576141215
MagnoliaBridge,168,24,1,pred_auto.arima,
MagnoliaBridge,168,24,1,pred_forecastHybrid,0.0754404934781509
MagnoliaBridge,168,24,1,pred_prophet,0.0281472552658601
MagnoliaBridge,168,168,1,pred_auto.arima,0.0694150147537552
MagnoliaBridge,168,168,1,pred_forecastHybrid,0.095418488764558
MagnoliaBridge,168,168,1,pred_prophet,0.0797290990875634
MagnoliaBridge,168,672,1,pred_auto.arima,0.111279351200227
MagnoliaBridge,168,672,1,pred_forecastHybrid,0.128942152610711
MagnoliaBridge,168,672,1,pred_prophet,0.641053037394019
MagnoliaBridge,672,4,1,pred_auto.arima,0.0134688701357654
MagnoliaBridge,672,4,1,pred_forecastHybrid,0.0213645151903565
MagnoliaBridge,672,4,1,pred_prophet,0.0544913058198512
MagnoliaBridge,672,24,1,pred_auto.arima,0.0855637133441462
MagnoliaBridge,672,24,1,pred_forecastHybrid,0.158789695191136
MagnoliaBridge,672,24,1,pred_prophet,0.0582990873684152
MagnoliaBridge,672,168,1,pred_auto.arima,
MagnoliaBridge,672,168,1,pred_forecastHybrid,0.0590393611048028
MagnoliaBridge,672,168,1,pred_prophet,0.156181698137737
MagnoliaBridge,672,672,1,pred_auto.arima,
MagnoliaBridge,672,672,1,pred_forecastHybrid,0.223568138610544
MagnoliaBridge,672,672,1,pred_prophet,0.150738837805458
MagnoliaBridge,4032,4,1,pred_auto.arima,0.178769570218725
MagnoliaBridge,4032,4,1,pred_forecastHybrid,0.00624789431887667
MagnoliaBridge,4032,4,1,pred_prophet,0.0711146899519288
MagnoliaBridge,4032,24,1,pred_auto.arima,0.288946102481661
MagnoliaBridge,4032,24,1,pred_forecastHybrid,0.161935486026939
MagnoliaBridge,4032,24,1,pred_prophet,0.0455032643651908
MagnoliaBridge,4032,168,1,pred_auto.arima,0.184177067791327
MagnoliaBridge,4032,168,1,pred_forecastHybrid,0.1263118605296
MagnoliaBridge,4032,168,1,pred_prophet,0.0875781925568034
MagnoliaBridge,4032,672,1,pred_auto.arima,
MagnoliaBridge,4032,672,1,pred_forecastHybrid,0.233655733510731
MagnoliaBridge,4032,672,1,pred_prophet,0.107400643169769
NE45StViaduct,24,4,1,pred_auto.arima,0.0851294533279881
NE45StViaduct,24,4,1,pred_forecastHybrid,0.0434153306990511
NE45StViaduct,24,4,1,pred_prophet,0.00541394276874705
NE45StViaduct,24,24,1,pred_auto.arima,0.084733759585141
NE45StViaduct,24,24,1,pred_forecastHybrid,0.173465245218618
NE45StViaduct,24,24,1,pred_prophet,0.122575055088205
NE45StViaduct,24,168,1,pred_auto.arima,0.0898056016743212
NE45StViaduct,24,168,1,pred_forecastHybrid,0.567533458589339
NE45StViaduct,24,168,1,pred_prophet,0.585674106718096
NE45StViaduct,24,672,1,pred_auto.arima,0.15707956604618
NE45StViaduct,24,672,1,pred_forecastHybrid,13.8153036196417
NE45StViaduct,24,672,1,pred_prophet,2.27828468343661
NE45StViaduct,168,4,1,pred_auto.arima,0.13458773282279
NE45StViaduct,168,4,1,pred_forecastHybrid,0.0432041486923522
NE45StViaduct,168,4,1,pred_prophet,0.0157148795555853
NE45StViaduct,168,24,1,pred_auto.arima,0.110637534444322
NE45StViaduct,168,24,1,pred_forecastHybrid,0.136593767959089
NE45StViaduct,168,24,1,pred_prophet,0.0878035377104579
NE45StViaduct,168,168,1,pred_auto.arima,
NE45StViaduct,168,168,1,pred_forecastHybrid,0.175951691954525
NE45StViaduct,168,168,1,pred_prophet,0.068303105886176
NE45StViaduct,168,672,1,pred_auto.arima,0.132024384724616
NE45StViaduct,168,672,1,pred_forecastHybrid,0.192285633884982
NE45StViaduct,168,672,1,pred_prophet,3.23443839088436
NE45StViaduct,672,4,1,pred_auto.arima,0.141507097664685
NE45StViaduct,672,4,1,pred_forecastHybrid,0.028252667197326
NE45StViaduct,672,4,1,pred_prophet,0.0513012036065273
NE45StViaduct,672,24,1,pred_auto.arima,0.316726835400277
NE45StViaduct,672,24,1,pred_forecastHybrid,0.217298512153933
NE45StViaduct,672,24,1,pred_prophet,0.0723308864805532
NE45StViaduct,672,168,1,pred_auto.arima,0.121177032858363
NE45StViaduct,672,168,1,pred_forecastHybrid,0.173319018040771
NE45StViaduct,672,168,1,pred_prophet,0.175287550220711
NE45StViaduct,672,672,1,pred_auto.arima,0.149843831805158
NE45StViaduct,672,672,1,pred_forecastHybrid,0.0926917835594935
NE45StViaduct,672,672,1,pred_prophet,0.0967897424160174
NE45StViaduct,4032,4,1,pred_auto.arima,0.152040523865175
NE45StViaduct,4032,4,1,pred_forecastHybrid,0.0639815071221282
NE45StViaduct,4032,4,1,pred_prophet,0.0176652476324183
NE45StViaduct,4032,24,1,pred_auto.arima,0.385151291079786
NE45StViaduct,4032,24,1,pred_forecastHybrid,0.0993967673118616
NE45StViaduct,4032,24,1,pred_prophet,0.042659122249023
NE45StViaduct,4032,168,1,pred_auto.arima,0.434962508919911
NE45StViaduct,4032,168,1,pred_forecastHybrid,0.397488785972501
NE45StViaduct,4032,168,1,pred_prophet,0.251843064189436
NE45StViaduct,4032,672,1,pred_auto.arima,0.37537230300027
NE45StViaduct,4032,672,1,pred_forecastHybrid,0.228662124541517
NE45StViaduct,4032,672,1,pred_prophet,0.0765448609722236
RooseveltWay_NE80thSt,24,4,1,pred_auto.arima,0.0193221266136565
RooseveltWay_NE80thSt,24,4,1,pred_forecastHybrid,0.164828069251916
RooseveltWay_NE80thSt,24,4,1,pred_prophet,0.148720579548095
RooseveltWay_NE80thSt,24,24,1,pred_auto.arima,0.0277568623065106
RooseveltWay_NE80thSt,24,24,1,pred_forecastHybrid,0.106580341148495
RooseveltWay_NE80thSt,24,24,1,pred_prophet,0.357421075095022
RooseveltWay_NE80thSt,24,168,1,pred_auto.arima,0.0875081665499925
RooseveltWay_NE80thSt,24,168,1,pred_forecastHybrid,3.92884469622585
RooseveltWay_NE80thSt,24,168,1,pred_prophet,1.2195111199496
RooseveltWay_NE80thSt,24,672,1,pred_auto.arima,0.139884238849492
RooseveltWay_NE80thSt,24,672,1,pred_forecastHybrid,9.18099494889471
RooseveltWay_NE80thSt,24,672,1,pred_prophet,5.56071285092326
RooseveltWay_NE80thSt,168,4,1,pred_auto.arima,0.0757767398673912
RooseveltWay_NE80thSt,168,4,1,pred_forecastHybrid,0.0505753697685271
RooseveltWay_NE80thSt,168,4,1,pred_prophet,0.0114746115302029
RooseveltWay_NE80thSt,168,24,1,pred_auto.arima,0.173309469006892
RooseveltWay_NE80thSt,168,24,1,pred_forecastHybrid,0.130822550954163
RooseveltWay_NE80thSt,168,24,1,pred_prophet,0.0583331401046439
RooseveltWay_NE80thSt,168,168,1,pred_auto.arima,0.119129632875493
RooseveltWay_NE80thSt,168,168,1,pred_forecastHybrid,0.167640665704737
RooseveltWay_NE80thSt,168,168,1,pred_prophet,0.170317622098562
RooseveltWay_NE80thSt,168,672,1,pred_auto.arima,0.0977420441264966
RooseveltWay_NE80thSt,168,672,1,pred_forecastHybrid,0.11232267663575
RooseveltWay_NE80thSt,168,672,1,pred_prophet,0.606461418496402
RooseveltWay_NE80thSt,672,4,1,pred_auto.arima,0.294031869123727
RooseveltWay_NE80thSt,672,4,1,pred_forecastHybrid,0.115371908935798
RooseveltWay_NE80thSt,672,4,1,pred_prophet,0.0627288556521836
RooseveltWay_NE80thSt,672,24,1,pred_auto.arima,0.159150058695959
RooseveltWay_NE80thSt,672,24,1,pred_forecastHybrid,0.0412855257165767
RooseveltWay_NE80thSt,672,24,1,pred_prophet,0.0863753024067515
RooseveltWay_NE80thSt,672,168,1,pred_auto.arima,
RooseveltWay_NE80thSt,672,168,1,pred_forecastHybrid,0.0833021071173049
RooseveltWay_NE80thSt,672,168,1,pred_prophet,0.0705083585216972
RooseveltWay_NE80thSt,672,672,1,pred_auto.arima,
RooseveltWay_NE80thSt,672,672,1,pred_forecastHybrid,0.153136803486484
RooseveltWay_NE80thSt,672,672,1,pred_prophet,0.106941467334332
RooseveltWay_NE80thSt,4032,4,1,pred_auto.arima,0.174980631222202
RooseveltWay_NE80thSt,4032,4,1,pred_forecastHybrid,0.0255406641100231
RooseveltWay_NE80thSt,4032,4,1,pred_prophet,0.020321511773379
RooseveltWay_NE80thSt,4032,24,1,pred_auto.arima,0.228242217766377
RooseveltWay_NE80thSt,4032,24,1,pred_forecastHybrid,0.114007862003959
RooseveltWay_NE80thSt,4032,24,1,pred_prophet,0.116480227847933
RooseveltWay_NE80thSt,4032,168,1,pred_auto.arima,0.348513111871414
RooseveltWay_NE80thSt,4032,168,1,pred_forecastHybrid,0.0978741816248466
RooseveltWay_NE80thSt,4032,168,1,pred_prophet,0.0478887730439815
RooseveltWay_NE80thSt,4032,672,1,pred_auto.arima,
RooseveltWay_NE80thSt,4032,672,1,pred_forecastHybrid,0.0952481572433875
RooseveltWay_NE80thSt,4032,672,1,pred_prophet,0.107257283328209
SpokaneSwingBridge,24,4,1,pred_auto.arima,0.0263868550549564
SpokaneSwingBridge,24,4,1,pred_forecastHybrid,0.0269785776935291
SpokaneSwingBridge,24,4,1,pred_prophet,0.0590670219794647
SpokaneSwingBridge,24,24,1,pred_auto.arima,0.013826722445358
SpokaneSwingBridge,24,24,1,pred_forecastHybrid,0.0368464393126167
SpokaneSwingBridge,24,24,1,pred_prophet,0.0717381436960696
SpokaneSwingBridge,24,168,1,pred_auto.arima,0.179610626323579
SpokaneSwingBridge,24,168,1,pred_forecastHybrid,0.331829625999193
SpokaneSwingBridge,24,168,1,pred_prophet,1.41965421484101
SpokaneSwingBridge,24,672,1,pred_auto.arima,0.0547570992815551
SpokaneSwingBridge,24,672,1,pred_forecastHybrid,0.850881704347756
SpokaneSwingBridge,24,672,1,pred_prophet,0.884771245792412
SpokaneSwingBridge,168,4,1,pred_auto.arima,0.0170322107477907
SpokaneSwingBridge,168,4,1,pred_forecastHybrid,0.0116406890414228
SpokaneSwingBridge,168,4,1,pred_prophet,0.0142823175904536
SpokaneSwingBridge,168,24,1,pred_auto.arima,0.0645819240131924
SpokaneSwingBridge,168,24,1,pred_forecastHybrid,0.0281693275173637
SpokaneSwingBridge,168,24,1,pred_prophet,0.0376144406353101
SpokaneSwingBridge,168,168,1,pred_auto.arima,
SpokaneSwingBridge,168,168,1,pred_forecastHybrid,0.0985966944145982
SpokaneSwingBridge,168,168,1,pred_prophet,0.130420389086849
SpokaneSwingBridge,168,672,1,pred_auto.arima,0.174808241226153
SpokaneSwingBridge,168,672,1,pred_forecastHybrid,0.215417171071957
SpokaneSwingBridge,168,672,1,pred_prophet,0.217031534025525
SpokaneSwingBridge,672,4,1,pred_auto.arima,0.214152629501535
SpokaneSwingBridge,672,4,1,pred_forecastHybrid,0.014445382593265
SpokaneSwingBridge,672,4,1,pred_prophet,0.0840151972441932
SpokaneSwingBridge,672,24,1,pred_auto.arima,0.324949141180839
SpokaneSwingBridge,672,24,1,pred_forecastHybrid,0.107221430698882
SpokaneSwingBridge,672,24,1,pred_prophet,0.114182087501595
SpokaneSwingBridge,672,168,1,pred_auto.arima,
SpokaneSwingBridge,672,168,1,pred_forecastHybrid,0.0573674755801891
SpokaneSwingBridge,672,168,1,pred_prophet,0.0412742520347219
SpokaneSwingBridge,672,672,1,pred_auto.arima,0.140977163520515
SpokaneSwingBridge,672,672,1,pred_forecastHybrid,0.0885461143792765
SpokaneSwingBridge,672,672,1,pred_prophet,0.228789369755559
SpokaneSwingBridge,4032,4,1,pred_auto.arima,0.442637143415847
SpokaneSwingBridge,4032,4,1,pred_forecastHybrid,0.0286879976853635
SpokaneSwingBridge,4032,4,1,pred_prophet,0.0412194429061164
SpokaneSwingBridge,4032,24,1,pred_auto.arima,0.209431491603381
SpokaneSwingBridge,4032,24,1,pred_forecastHybrid,0.101009421194712
SpokaneSwingBridge,4032,24,1,pred_prophet,0.146348397306001
SpokaneSwingBridge,4032,168,1,pred_auto.arima,0.16162234233138
SpokaneSwingBridge,4032,168,1,pred_forecastHybrid,0.120148302084315
SpokaneSwingBridge,4032,168,1,pred_prophet,0.124817646846035
SpokaneSwingBridge,4032,672,1,pred_auto.arima,0.542719294768317
SpokaneSwingBridge,4032,672,1,pred_forecastHybrid,0.123213067329807
SpokaneSwingBridge,4032,672,1,pred_prophet,0.178549705875213
